performer	
Octavia Spencer Tracy	
Bruce Lee Grant	
Christopher Lee Grant	
Kevin James Stewart	
Aaron Paul Newman	
Maggie Grace Kelly	
Topher Grace Kelly	
Kevin James Cagney	
Kevin James Dean	
Matthew Broderick Crawford	
Rex Harrison Ford	
Kurt Russell Crowe	
Harold Russell Crowe	
Rosalind Russell Crowe	
Keri Russell Crowe	
Kevin James Caan	
Steve Martin Lawrence	
Daniel Craig Robinson	
Kevin James Mason	
Aaron Paul Giamatti	
Meg Ryan Reynolds	
Amy Ryan Reynolds	
Meg Ryan Gosling	
Amy Ryan Gosling	
Bruce Lee Marvin	
Christopher Lee Marvin	
Aaron Paul Lukas	
Aaron Paul Muni	
Kevin James Coburn	
Steve Martin Landau	
Steve Martin Balsam	
James Dean Jagger	
Kristin Scott Thomas Mitchell	
Stockard Channing Tatum	
Kevin James Franco	
Aaron Paul Rudd	
Clive Owen Wilson	
Liv Tyler Perry	
Kevin James Garner	
Aaron Paul Walker	
Elizabeth Taylor Kitsch	
Lili Taylor Kitsch	
Christine Taylor Kitsch	
Kevin James Woods	
Kevin James Gandolfini	
Sandy Dennis Hopper	
Meg Ryan Phillippe	
Amy Ryan Phillippe	
Carmen Miranda Richardson	
Steve Martin Sheen	
Kevin James Spader	
Kurt Russell Brand	
Harold Russell Brand	
Rosalind Russell Brand	
Keri Russell Brand	
Sandy Dennis Quaid	
Aaron Paul Bettany	
Aaron Paul Dano	
Kevin James McAvoy	
James Dean Stockwell	
Jane Alexander Skarsg√•rd	
Sarah Jessica Parker Posey	
Kevin James Marsden	
Kevin James Cromwell	
Aaron Paul Scofield	
Channing Tatum O'Neal	
